Workbook

Sheet Personaldaten allgemein
A1: Name | B1: Vorname | C1: Straße, Nr. | D1: PLZ | E1: Ort | F1: Geburtstag | G1: Renten- versicherungs- nummer | H1: zuständige Kranken- versicherung | I1: Funktion | J1: Eintritt in Betrieb | K1: Tag des Ausscheidens
A3: Müller | B3: Max | C3: Alleestr. 22 | D3: 42855 | E3: Remscheid | F3: 24324 | G3: FBO050866 | H3: Techniker | I3: Geschäftsführer | J3: 36312
A4: Meier | B4: Maximilia | C4: Hofkamp 1 | D4: 42103 | E4: Wuppertal | F4: 24400 | G4: FBO201066 | H4: Barmer | I4: Geschäftsführerin | J4: 36526
A5: Mustermann | B5: Klaus-Dieter | C5: Hauptstr. 99 | D5: 42555 | E5: Solingen | F5: 27599 | G5: FBO240775 | H5: AOK | I5: Oberbauleiter | J5: 38534

Sheet AS1+2
A1: ='Personaldaten allgemein'!A1 -> Name | B1: ='Personaldaten allgemein'!B1 -> Vorname | C1: Funktion | D1: Bekannt-machung AS-politik | E1: Bekannt-machung AS-politik | F1: Bekannt-machung AS-politik | G1: Bekannt-machung AS-politik | H1: Bekannt-machung Ziele 2005 | I1: Bekannt-machung Ziele 2014 | J1: Bekannt-machung Ziele 2015 | K1: Bekannt-machung Ziele 2016 | L1: Bekannt-machung Ziele …
A3: ='Personaldaten allgemein'!A3 -> Müller | B3: ='Personaldaten allgemein'!B3 -> Max | C3: ='Personaldaten allgemein'!I3 -> Geschäftsführer | D3: 38506 | E3: 41881 | H3: 38506 | I3: 41881 | J3: 42160
A4: ='Personaldaten allgemein'!A4 -> Meier | B4: ='Personaldaten allgemein'!B4 -> Maximilia | C4: ='Personaldaten allgemein'!I4 -> Geschäftsführerin | D4: 38506 | E4: 41881 | H4: 38506 | I4: 41881 | J4: 42160
A5: ='Personaldaten allgemein'!A5 -> Mustermann | B5: ='Personaldaten allgemein'!B5 -> Klaus-Dieter | C5: ='Personaldaten allgemein'!I5 -> Oberbauleiter | D5: 38534 | E5: 41881 | H5: 38506 | I5: 41881 | J5: 42160
A6: ='Personaldaten allgemein'!A6 -> 0 | B6: ='Personaldaten allgemein'!B6 -> 0 | C6: ='Personaldaten allgemein'!I6 -> 0
A7: ='Personaldaten allgemein'!A7 -> 0 | B7: ='Personaldaten allgemein'!B7 -> 0 | C7: ='Personaldaten allgemein'!I7 -> 0
A8: ='Personaldaten allgemein'!A8 -> 0 | B8: ='Personaldaten allgemein'!B8 -> 0 | C8: ='Personaldaten allgemein'!I8 -> 0
A9: ='Personaldaten allgemein'!A9 -> 0 | B9: ='Personaldaten allgemein'!B9 -> 0 | C9: ='Personaldaten allgemein'!I9 -> 0
A10: ='Personaldaten allgemein'!A10 -> 0 | B10: ='Personaldaten allgemein'!B10 -> 0 | C10: ='Personaldaten allgemein'!I10 -> 0
A11: ='Personaldaten allgemein'!A11 -> 0 | B11: ='Personaldaten allgemein'!B11 -> 0 | C11: ='Personaldaten allgemein'!I11 -> 0
A12: ='Personaldaten allgemein'!A12 -> 0 | B12: ='Personaldaten allgemein'!B12 -> 0 | C12: ='Personaldaten allgemein'!I12 -> 0
A13: ='Personaldaten allgemein'!A13 -> 0 | B13: ='Personaldaten allgemein'!B13 -> 0 | C13: ='Personaldaten allgemein'!I13 -> 0
A14: ='Personaldaten allgemein'!A14 -> 0 | B14: ='Personaldaten allgemein'!B14 -> 0 | C14: ='Personaldaten allgemein'!I14 -> 0
A15: ='Personaldaten allgemein'!A15 -> 0 | B15: ='Personaldaten allgemein'!B15 -> 0 | C15: ='Personaldaten allgemein'!I15 -> 0
A16: ='Personaldaten allgemein'!A16 -> 0 | B16: ='Personaldaten allgemein'!B16 -> 0 | C16: ='Personaldaten allgemein'!I16 -> 0
A17: ='Personaldaten allgemein'!A17 -> 0 | B17: ='Personaldaten allgemein'!B17 -> 0 | C17: ='Personaldaten allgemein'!I17 -> 0
... A50: ='Personaldaten allgemein'!A50 -> 0 | B50: ='Personaldaten allgemein'!B50 -> 0 | C50: ='Personaldaten allgemein'!I50 -> 0

Sheet AS3
A1: ='Personaldaten allgemein'!A1 -> Name | B1: ='Personaldaten allgemein'!B1 -> Vorname | C1: Funktion | D1: Pflichten- übertragung | E1: Übertragung von von Verantwort- lichkeiten | F1: Stellen-beschrei-bung | G1: Bestellung zur | J1: Befähigte Person für | M1: Beauftragt zur Bedienung von | Q1: Fahr-erlaubnis für | R1: Fahr-erlaubnis für
G2: Sifa | H2: Sibe | J2: Gerüste | K2: Leitern | L2: Verbau | M2: Kranen | N2: Flurfoerd. | O2: Erdbaum. | P2: Hubarb. | Q2: PKW | R2: LKW
A3: ='Personaldaten allgemein'!A3 -> Müller | B3: ='Personaldaten allgemein'!B3 -> Max | C3: ='Personaldaten allgemein'!I3 -> Geschäftsführer | F3: 40524 | G3: x | J3: x | Q3: x
A4: ='Personaldaten allgemein'!A4 -> Meier | B4: ='Personaldaten allgemein'!B4 -> Maximilia | C4: ='Personaldaten allgemein'!I4 -> Geschäftsführerin | F4: 40524 | H4: x | K4: x | M4: x | N4: x | Q4: x
A5: ='Personaldaten allgemein'!A5 -> Mustermann | B5: ='Personaldaten allgemein'!B5 -> Klaus-Dieter | C5: ='Personaldaten allgemein'!I5 -> Oberbauleiter | D5: 38770 | E5: 38770 | F5: 40596 | H5: x | L5: x | O5: x | P5: x | Q5: x | R5: x
A6: ='Personaldaten allgemein'!A6 -> 0 | B6: ='Personaldaten allgemein'!B6 -> 0 | C6: ='Personaldaten allgemein'!I6 -> 0
A7: ='Personaldaten allgemein'!A7 -> 0 | B7: ='Personaldaten allgemein'!B7 -> 0 | C7: ='Personaldaten allgemein'!I7 -> 0
A8: ='Personaldaten allgemein'!A8 -> 0 | B8: ='Personaldaten allgemein'!B8 -> 0 | C8: ='Personaldaten allgemein'!I8 -> 0
A9: ='Personaldaten allgemein'!A9 -> 0 | B9: ='Personaldaten allgemein'!B9 -> 0 | C9: ='Personaldaten allgemein'!I9 -> 0
A10: ='Personaldaten allgemein'!A10 -> 0 | B10: ='Personaldaten allgemein'!B10 -> 0 | C10: ='Personaldaten allgemein'!I10 -> 0
A11: ='Personaldaten allgemein'!A11 -> 0 | B11: ='Personaldaten allgemein'!B11 -> 0 | C11: ='Personaldaten allgemein'!I11 -> 0
A12: ='Personaldaten allgemein'!A12 -> 0 | B12: ='Personaldaten allgemein'!B12 -> 0 | C12: ='Personaldaten allgemein'!I12 -> 0
A13: ='Personaldaten allgemein'!A13 -> 0 | B13: ='Personaldaten allgemein'!B13 -> 0 | C13: ='Personaldaten allgemein'!I13 -> 0
A14: ='Personaldaten allgemein'!A14 -> 0 | B14: ='Personaldaten allgemein'!B14 -> 0 | C14: ='Personaldaten allgemein'!I14 -> 0
A15: ='Personaldaten allgemein'!A15 -> 0 | B15: ='Personaldaten allgemein'!B15 -> 0 | C15: ='Personaldaten allgemein'!I15 -> 0
A16: ='Personaldaten allgemein'!A16 -> 0 | B16: ='Personaldaten allgemein'!B16 -> 0 | C16: ='Personaldaten allgemein'!I16 -> 0
A17: ='Personaldaten allgemein'!A17 -> 0 | B17: ='Personaldaten allgemein'!B17 -> 0 | C17: ='Personaldaten allgemein'!I17 -> 0
... A50: ='Personaldaten allgemein'!A50 -> 0 | B50: ='Personaldaten allgemein'!B50 -> 0 | C50: ='Personaldaten allgemein'!I50 -> 0

Sheet AS4
A1: ='Personaldaten allgemein'!A1 -> Name | B1: ='Personaldaten allgemein'!B1 -> Vorname | C1: Funktion | D1: ASA | E1: Teilnahme Bereichsleitung Besprechung | F1: Verbesserungs-vorschlag
A3: ='Personaldaten allgemein'!A3 -> Müller | B3: ='Personaldaten allgemein'!B3 -> Max | C3: ='Personaldaten allgemein'!I3 -> Geschäftsführer | D3: x | E3: x
A4: ='Personaldaten allgemein'!A4 -> Meier | B4: ='Personaldaten allgemein'!B4 -> Maximilia | C4: ='Personaldaten allgemein'!I4 -> Geschäftsführerin | E4: x
A5: ='Personaldaten allgemein'!A5 -> Mustermann | B5: ='Personaldaten allgemein'!B5 -> Klaus-Dieter | C5: ='Personaldaten allgemein'!I5 -> Oberbauleiter | E5: x | F5: x
A6: ='Personaldaten allgemein'!A6 -> 0 | B6: ='Personaldaten allgemein'!B6 -> 0 | C6: ='Personaldaten allgemein'!I6 -> 0
A7: ='Personaldaten allgemein'!A7 -> 0 | B7: ='Personaldaten allgemein'!B7 -> 0 | C7: ='Personaldaten allgemein'!I7 -> 0
A8: ='Personaldaten allgemein'!A8 -> 0 | B8: ='Personaldaten allgemein'!B8 -> 0 | C8: ='Personaldaten allgemein'!I8 -> 0
A9: ='Personaldaten allgemein'!A9 -> 0 | B9: ='Personaldaten allgemein'!B9 -> 0 | C9: ='Personaldaten allgemein'!I9 -> 0
A10: ='Personaldaten allgemein'!A10 -> 0 | B10: ='Personaldaten allgemein'!B10 -> 0 | C10: ='Personaldaten allgemein'!I10 -> 0
A11: ='Personaldaten allgemein'!A11 -> 0 | B11: ='Personaldaten allgemein'!B11 -> 0 | C11: ='Personaldaten allgemein'!I11 -> 0
A12: ='Personaldaten allgemein'!A12 -> 0 | B12: ='Personaldaten allgemein'!B12 -> 0 | C12: ='Personaldaten allgemein'!I12 -> 0
A13: ='Personaldaten allgemein'!A13 -> 0 | B13: ='Personaldaten allgemein'!B13 -> 0 | C13: ='Personaldaten allgemein'!I13 -> 0
A14: ='Personaldaten allgemein'!A14 -> 0 | B14: ='Personaldaten allgemein'!B14 -> 0 | C14: ='Personaldaten allgemein'!I14 -> 0
A15: ='Personaldaten allgemein'!A15 -> 0 | B15: ='Personaldaten allgemein'!B15 -> 0 | C15: ='Personaldaten allgemein'!I15 -> 0
A16: ='Personaldaten allgemein'!A16 -> 0 | B16: ='Personaldaten allgemein'!B16 -> 0 | C16: ='Personaldaten allgemein'!I16 -> 0
A17: ='Personaldaten allgemein'!A17 -> 0 | B17: ='Personaldaten allgemein'!B17 -> 0 | C17: ='Personaldaten allgemein'!I17 -> 0
... A50: ='Personaldaten allgemein'!A50 -> 0 | B50: ='Personaldaten allgemein'!B50 -> 0 | C50: ='Personaldaten allgemein'!I50 -> 0

Sheet AS5
A1: ='Personaldaten allgemein'!A1 -> Name | B1: ='Personaldaten allgemein'!B1 -> Vorname | C1: Funktion | D1: Durchführung Vorabcheck | E1: Durchführung GB | F1: Durchführung LMRA | G1: Durchführung Wirkungskontrolle | H1: Durchführung Prüfung
A3: ='Personaldaten allgemein'!A3 -> Müller | B3: ='Personaldaten allgemein'!B3 -> Max | C3: ='Personaldaten allgemein'!I3 -> Geschäftsführer | D3: x | E3: x | F3: x | G3: x | H3: x
A4: ='Personaldaten allgemein'!A4 -> Meier | B4: ='Personaldaten allgemein'!B4 -> Maximilia | C4: ='Personaldaten allgemein'!I4 -> Geschäftsführerin | D4: x
A5: ='Personaldaten allgemein'!A5 -> Mustermann | B5: ='Personaldaten allgemein'!B5 -> Klaus-Dieter | C5: ='Personaldaten allgemein'!I5 -> Oberbauleiter | D5: x | F5: x | G5: x | H5: x
A6: ='Personaldaten allgemein'!A6 -> 0 | B6: ='Personaldaten allgemein'!B6 -> 0 | C6: ='Personaldaten allgemein'!I6 -> 0
A7: ='Personaldaten allgemein'!A7 -> 0 | B7: ='Personaldaten allgemein'!B7 -> 0
A8: ='Personaldaten allgemein'!A8 -> 0 | B8: ='Personaldaten allgemein'!B8 -> 0
A9: ='Personaldaten allgemein'!A9 -> 0 | B9: ='Personaldaten allgemein'!B9 -> 0
A10: ='Personaldaten allgemein'!A10 -> 0 | B10: ='Personaldaten allgemein'!B10 -> 0
A11: ='Personaldaten allgemein'!A11 -> 0 | B11: ='Personaldaten allgemein'!B11 -> 0
A12: ='Personaldaten allgemein'!A12 -> 0 | B12: ='Personaldaten allgemein'!B12 -> 0
A13: ='Personaldaten allgemein'!A13 -> 0 | B13: ='Personaldaten allgemein'!B13 -> 0
A14: ='Personaldaten allgemein'!A14 -> 0 | B14: ='Personaldaten allgemein'!B14 -> 0
A15: ='Personaldaten allgemein'!A15 -> 0 | B15: ='Personaldaten allgemein'!B15 -> 0
A16: ='Personaldaten allgemein'!A16 -> 0 | B16: ='Personaldaten allgemein'!B16 -> 0
A17: ='Personaldaten allgemein'!A17 -> 0 | B17: ='Personaldaten allgemein'!B17 -> 0
A18: ='Personaldaten allgemein'!A18 -> 0 | B18: ='Personaldaten allgemein'!B18 -> 0
... A50: ='Personaldaten allgemein'!A50 -> 0 | B50: ='Personaldaten allgemein'!B50 -> 0

Sheet AS6
A1: ='Personaldaten allgemein'!A1 -> Name | B1: ='Personaldaten allgemein'!B1 -> Vorname | C1: Funktion | D1: Erste-Hilfe- Lehrgang | E1: Erste-Hilfe- Training | F1: Erste-Hilfe- Training | G1: Erste-Hilfe- Training | H1: Erste-Hilfe- Training | I1: Brandschutz-helferin / Brandschutz-helfer Ausbildung | J1: Brandschutzauf-frischung | K1: Brandschutzauf-frischung | L1: Brandschutzbe- auftragte Ausbildung | M1: Brandschutzbe- auftragte Bestellung | N1: meldepflichtiger Arbeitsunfall
E2: alle 2 Jahre | F2: alle 2 Jahre | G2: alle 2 Jahre | H2: alle 2 Jahre | J2: Alle 3 bis 5 Jahre | K2: Alle 3 bis 5 Jahre
A3: ='Personaldaten allgemein'!A3 -> Müller | B3: ='Personaldaten allgemein'!B3 -> Max | C3: ='Personaldaten allgemein'!I3 -> Geschäftsführer | D3: 39967 | E3: 40666 | F3: 41431 | I3: 40471 | N3: 40961 | O3: 40858
A4: ='Personaldaten allgemein'!A4 -> Meier | B4: ='Personaldaten allgemein'!B4 -> Maximilia | C4: ='Personaldaten allgemein'!I4 -> Geschäftsführerin | D4: 39967 | E4: 40666 | F4: 41431 | I4: 40471 | N4: 40961
A5: ='Personaldaten allgemein'!A5 -> Mustermann | B5: ='Personaldaten allgemein'!B5 -> Klaus-Dieter | C5: ='Personaldaten allgemein'!I5 -> Oberbauleiter | D5: 39967 | E5: 40666 | F5: 41431 | I5: 40471 | N5: 40961
A6: ='Personaldaten allgemein'!A6 -> 0 | B6: ='Personaldaten allgemein'!B6 -> 0 | C6: ='Personaldaten allgemein'!I6 -> 0
A7: ='Personaldaten allgemein'!A7 -> 0 | B7: ='Personaldaten allgemein'!B7 -> 0 | C7: ='Personaldaten allgemein'!I7 -> 0
A8: ='Personaldaten allgemein'!A8 -> 0 | B8: ='Personaldaten allgemein'!B8 -> 0
A9: ='Personaldaten allgemein'!A9 -> 0 | B9: ='Personaldaten allgemein'!B9 -> 0
A10: ='Personaldaten allgemein'!A10 -> 0 | B10: ='Personaldaten allgemein'!B10 -> 0
A11: ='Personaldaten allgemein'!A11 -> 0 | B11: ='Personaldaten allgemein'!B11 -> 0
A12: ='Personaldaten allgemein'!A12 -> 0 | B12: ='Personaldaten allgemein'!B12 -> 0
A13: ='Personaldaten allgemein'!A13 -> 0 | B13: ='Personaldaten allgemein'!B13 -> 0
A14: ='Personaldaten allgemein'!A14 -> 0 | B14: ='Personaldaten allgemein'!B14 -> 0
A15: ='Personaldaten allgemein'!A15 -> 0 | B15: ='Personaldaten allgemein'!B15 -> 0
A16: ='Personaldaten allgemein'!A16 -> 0 | B16: ='Personaldaten allgemein'!B16 -> 0
A17: ='Personaldaten allgemein'!A17 -> 0 | B17: ='Personaldaten allgemein'!B17 -> 0
A18: ='Personaldaten allgemein'!A18 -> 0 | B18: ='Personaldaten allgemein'!B18 -> 0
A19: ='Personaldaten allgemein'!A19 -> 0 | B19: ='Personaldaten allgemein'!B19 -> 0
... A50: ='Personaldaten allgemein'!A50 -> 0 | B50: ='Personaldaten allgemein'!B50 -> 0

Sheet AS9
A1: ='Personaldaten allgemein'!A1 -> Name | B1: ='Personaldaten allgemein'!B1 -> Vorname | C1: Funktion | D1: Arbeitsmedizinische Vorsorge (Pflicht-, Angebots-, Wunschvorsorge)
D2: Fahr-, Steuer-, Überwachungs-tätigkeiten | E2: nächster Termin | F2: Lärm | G2: nächster Termin | H2: nächster Termin | I2: Bildschirm-arbeitsplätze | J2: nächster Termin | K2: Arbeiten mit Absturz-gefahr | L2: nächster Termin
A3: ='Personaldaten allgemein'!A3 -> Müller | B3: ='Personaldaten allgemein'!B3 -> Max | C3: ='Personaldaten allgemein'!I3 -> Geschäftsführer | D3: 39236 | F3: 39236
A4: ='Personaldaten allgemein'!A4 -> Meier | B4: ='Personaldaten allgemein'!B4 -> Maximilia | C4: ='Personaldaten allgemein'!I4 -> Geschäftsführerin | D4: 39236 | F4: 39236 | I4: 40788
A5: ='Personaldaten allgemein'!A5 -> Mustermann | B5: ='Personaldaten allgemein'!B5 -> Klaus-Dieter | C5: ='Personaldaten allgemein'!I5 -> Oberbauleiter | D5: 39668 | F5: 39668 | G5: 41129 | H5: 42590 | K5: 40918 | L5: 42014
A6: ='Personaldaten allgemein'!A6 -> 0 | B6: ='Personaldaten allgemein'!B6 -> 0 | C6: ='Personaldaten allgemein'!I6 -> 0
A7: ='Personaldaten allgemein'!A7 -> 0 | B7: ='Personaldaten allgemein'!B7 -> 0 | C7: ='Personaldaten allgemein'!I7 -> 0
A8: ='Personaldaten allgemein'!A8 -> 0 | B8: ='Personaldaten allgemein'!B8 -> 0 | C8: ='Personaldaten allgemein'!I8 -> 0
A9: ='Personaldaten allgemein'!A9 -> 0 | B9: ='Personaldaten allgemein'!B9 -> 0 | C9: ='Personaldaten allgemein'!I9 -> 0
A10: ='Personaldaten allgemein'!A10 -> 0 | B10: ='Personaldaten allgemein'!B10 -> 0 | C10: ='Personaldaten allgemein'!I10 -> 0
A11: ='Personaldaten allgemein'!A11 -> 0 | B11: ='Personaldaten allgemein'!B11 -> 0 | C11: ='Personaldaten allgemein'!I11 -> 0
A12: ='Personaldaten allgemein'!A12 -> 0 | B12: ='Personaldaten allgemein'!B12 -> 0 | C12: ='Personaldaten allgemein'!I12 -> 0
A13: ='Personaldaten allgemein'!A13 -> 0 | B13: ='Personaldaten allgemein'!B13 -> 0 | C13: ='Personaldaten allgemein'!I13 -> 0
A14: ='Personaldaten allgemein'!A14 -> 0 | B14: ='Personaldaten allgemein'!B14 -> 0 | C14: ='Personaldaten allgemein'!I14 -> 0
A15: ='Personaldaten allgemein'!A15 -> 0 | B15: ='Personaldaten allgemein'!B15 -> 0 | C15: ='Personaldaten allgemein'!I15 -> 0
A16: ='Personaldaten allgemein'!A16 -> 0 | B16: ='Personaldaten allgemein'!B16 -> 0 | C16: ='Personaldaten allgemein'!I16 -> 0
A17: ='Personaldaten allgemein'!A17 -> 0 | B17: ='Personaldaten allgemein'!B17 -> 0 | C17: ='Personaldaten allgemein'!I17 -> 0
... A50: ='Personaldaten allgemein'!A50 -> 0 | B50: ='Personaldaten allgemein'!B50 -> 0 | C50: ='Personaldaten allgemein'!I50 -> 0

Sheet AS10
A1: ='Personaldaten allgemein'!A1 -> Name | B1: ='Personaldaten allgemein'!B1 -> Vorname | C1: Funktion | D1: Erst- unter-weisung | E1: Jährliche Unterweisung | I1: Besondere Unterweisungen Thema | M1: Kontrolle Fahrerlaubnis | Q1: Qualifizierungen / Schulungen
E2: 2014 | F2: 2015 | G2: 2016 | H2: xxx | I2: Brandschutz | J2: PSAgA | K2: Unfall | L2: xxx | M2: Datum | N2: Datum | O2: Datum | P2: Datum | Q2: SiBe 1 | R2: SiBe 2 | S2: SiBe 3 | T2: EH-Lehrgang | U2: EH-Training | V2: Gerüste | W2: Leitern | X2: sonstige | Y2: sonstige | Z2: Plan 2014
A3: ='Personaldaten allgemein'!A3 -> Müller | B3: ='Personaldaten allgemein'!B3 -> Max | C3: ='Personaldaten allgemein'!I3 -> Geschäftsführer | D3: 36314 | E3: 41701 | M3: 41642 | N3: 41847 | O3: 42010
A4: ='Personaldaten allgemein'!A4 -> Meier | B4: ='Personaldaten allgemein'!B4 -> Maximilia | C4: ='Personaldaten allgemein'!I4 -> Geschäftsführerin | D4: 36526 | E4: 41701 | I4: 41138
A5: ='Personaldaten allgemein'!A5 -> Mustermann | B5: ='Personaldaten allgemein'!B5 -> Klaus-Dieter | C5: ='Personaldaten allgemein'!I5 -> Oberbauleiter | D5: 38534 | E5: 41701
A6: ='Personaldaten allgemein'!A6 -> 0 | B6: ='Personaldaten allgemein'!B6 -> 0 | C6: ='Personaldaten allgemein'!I6 -> 0
A7: ='Personaldaten allgemein'!A7 -> 0 | B7: ='Personaldaten allgemein'!B7 -> 0 | C7: ='Personaldaten allgemein'!I7 -> 0
A8: ='Personaldaten allgemein'!A8 -> 0 | B8: ='Personaldaten allgemein'!B8 -> 0 | C8: ='Personaldaten allgemein'!I8 -> 0
A9: ='Personaldaten allgemein'!A9 -> 0 | B9: ='Personaldaten allgemein'!B9 -> 0 | C9: ='Personaldaten allgemein'!I9 -> 0
A10: ='Personaldaten allgemein'!A10 -> 0 | B10: ='Personaldaten allgemein'!B10 -> 0 | C10: ='Personaldaten allgemein'!I10 -> 0
A11: ='Personaldaten allgemein'!A11 -> 0 | B11: ='Personaldaten allgemein'!B11 -> 0 | C11: ='Personaldaten allgemein'!I11 -> 0
A12: ='Personaldaten allgemein'!A12 -> 0 | B12: ='Personaldaten allgemein'!B12 -> 0 | C12: ='Personaldaten allgemein'!I12 -> 0
A13: ='Personaldaten allgemein'!A13 -> 0 | B13: ='Personaldaten allgemein'!B13 -> 0 | C13: ='Personaldaten allgemein'!I13 -> 0
A14: ='Personaldaten allgemein'!A14 -> 0 | B14: ='Personaldaten allgemein'!B14 -> 0 | C14: ='Personaldaten allgemein'!I14 -> 0
A15: ='Personaldaten allgemein'!A15 -> 0 | B15: ='Personaldaten allgemein'!B15 -> 0 | C15: ='Personaldaten allgemein'!I15 -> 0
A16: ='Personaldaten allgemein'!A16 -> 0 | B16: ='Personaldaten allgemein'!B16 -> 0 | C16: ='Personaldaten allgemein'!I16 -> 0
A17: ='Personaldaten allgemein'!A17 -> 0 | B17: ='Personaldaten allgemein'!B17 -> 0 | C17: ='Personaldaten allgemein'!I17 -> 0
... A50: ='Personaldaten allgemein'!A50 -> 0 | B50: ='Personaldaten allgemein'!B50 -> 0 | C50: ='Personaldaten allgemein'!I50 -> 0
